"通用拼音調值標記法","通用拼音調號標記法","教育部客語拼音"
a53,à,aˋ
a33,ā,a+
a24,á,aˊ
a55,a,a
a53,à,aˋ
a33,ā,a+
a11,a,aˇ
ai53,ài,aiˋ
ai24,ái,aiˊ
ngai33,ngāi,ngai+
ái24,ái,aiˊ
ai11,ai,aiˇ
ak5,ak,ag
am53,àm,amˋ
am24,ám,amˊ
am53,àm,amˋ
am55,am,am
am11,am,amˇ
an53,àn,
an55,an,an
an24,án,anˊ
an55,an,an
ang53,àng,angˋ
ang55,ang,ang
ang11,ang,angˇ
ang55,ang,ang
ap5,ap,ab
an53,àu,auˋ
au24,áu,auˊ
au55,au,au
au24,áu,auˊ
au11,au,auˇ
ba53,bà,baˋ
ba55,ba,ba
ba55,ba,ba
ba24,bá,baˊ
ba55,ba,ba
ba11,ba,ba
bai53,bài,baiˋ
bai55,bai,bai
bai55,bai,bai
bai24,bái,baiˊ
bai11,bai,baiˇ
boi11,boi,boiˇ
bak5,bak,bag
bak2,bạk,bagˋ
ban53,bàn,banˋ
ban24,bán,banˊ
ban11,ban,banˇ
bang53,bàng,bangˋ
bang55,bang,bang
bang53,bàng,bangˋ
bang24,bàng,bangˋ
bang11,bang,bangˇ
bat5,bat,bad
bat2,bạt,badˋ
bau53,bàu,bauˋ
bau11,bau,bauˇ
bba55,bba,bba
bbak5,bbak,bbag
bbe33,bbē,bbe+
bben53,bbèn,bbenˋ
bbet5,bbet,bbed
bbi53,bbì,bbiˋ
bbok5,bbok,bbog
be53,bè,beˋ
be55,be,be
boi55,boi,boi
ben53,bèn,benˋ
ben11,ben,ben
bet5,bet,bed
biau53,biàu,biauˋ
biau24,biáu,biauˊ
biau11,biau,biauˇ
bi53,bì,biˋ
bui53,bùi,buiˋ
bi55,bi,bi
bi24,bí,biˊ
bi11,bi,biˇ
bui11,bui,buiˇ
bia11,bia,biaˇ
biak5,biak,biag
biak2,biạk,biagˋ
biak5,biak,biag
biang53,biàng,biangˋ
biang24,biáng,biangˊ
biang11,biang,biangˇ
bien53,bièn,bienˋ
bien24,bién,bienˊ
bien11,bien,bienˇ
biet2,biẹt,biedˋ
bin53,bìn,binˋ
bin24,bín,binˊ
bin11,bin,binˇ
biong53,biòng,biongˋ
biong11,biong,biongˇ
bip5,bip,bib
bit5,bit,bid
bit2,bịt,bidˋ
biu53,biù,biuˋ
biu55,biu,biu
bo11,bo,boˇ
bo53,bò,boˋ
bo55,bo,bo
bo24,bó,boˊ
bo11,bo,boˇ
boi53,bòi,boiˋ
boi24,bói,boiˊ
boi11,boi,boiˇ
bok5,bok,bog
bok2,bọk,bogˋ
bong53,bòng,bongˋ
bong11,bong,bongˇ
bong24,bóng,bongˊ
bong11,bong,bongˇ
bot5,bot,bod
bu53,bù,buˋ
bu55,bu,bu
bu24,bú,buˊ
bu11,bu,buˇ
buk5,buk,bug
bun53,bùn,bunˋ
bun24,bún,bunˊ
bun11,bun,bunˇ
bung55,bung,bung
bung24,búng,bungˊ
but5,but,bud
but2,bụt,budˋ
ca53,cà,caˋ
cha53,chà,chaˋ
ca55,ca,ca
cha24,chá,chaˊ
ca11,ca,caˇ
cha11,cha,chaˇ
cai53,cài,caiˋ
cai55,cai,cai
cai24,cái,caiˊ
cai33,cāi,cai+
cai11,cai,caiˇ
cak5,cak,cag
chak5,chak,chag
cak2,cạk,cagˋ
cam53,càm,camˋ
cham53,chàm,chamˋ
cam55,cam,cam
cham55,cham,cham
cam24,cám,camˊ
cham24,chám,chamˊ
cam33,cām,cam+
cam11,cam,camˇ
cham11,cham,chamˇ
can55,can,can
chan55,chan,chan
can53,càn,canˋ
can24,cán,canˊ
chan24,chán,chanˊ
can11,can,canˇ
chan11,chan,chanˇ
cang53,càng,cangˋ
cang55,cang,cang
chang55,chang,chang
cang33,cāng,cang+
cang11,cang,cangˇ
chang33,chāng,chang+
cap5,cap,cab
cap2,cạp,cabˋ
chap2,chạp,chabˋ
cat5,cat,cad
chat5,chat,chad
cat2,cạt,cad
chat2,chạt,chadˋ
cau53,càu,cauˋ
cau55,cau,cau
cau24,cáu,cauˊ
cau11,cau,cauˇ
chau11,chau,chauˇ
ce53,cè,ceˋ
che53,chè,cheˋ
ce55,ce,ce
ce24,cé,ceˊ
che24,ché,cheˊ
ce11,ce,ceˇ
ce55,ce,ce
che11,che,cheˇ
cem53,cèm,cemˋ
cem55,cem,cem
cen53,cèn,cenˋ
cen55,cen,cen
cen11,cen,cenˇ
cep5,cep,ceb
cet5,cet,ced
cet2,cẹt,cedˋ
ceu53,cèu,ceuˋ
chau53,chàu,chauˋ
chau55,chau,chau
ciau55,ciau,ciau
chau24,cháu,chauˊ
ceu11,ceu,ceuˇ
chau11,chau,chauˇ
ciau33,ciāu,ciau+
ciau11,ciau,ciauˇ
seu11,seu,seuˇ
ci53,cì,ciˋ
si53,sì,siˋ
ci55,ci,ci
ci24,cí,ciˊ
ci33,cī,ci+
ci11,ci,ciˇ
zi11,zi,ziˇ
cia11,cia,ciaˇ
cia55,cia,cia
cia24,ciá,ciaˊ
cia33,ciā,cia+
ciak5,ciak,ciag
ciak2,ciạk,ciagˋ
ciam53,ciàm,ciamˋ
ciam55,ciam,ciam
ciam24,ciám,ciamˊ
ciam33,ciām,ciam+
ciang53,ciàng,ciangˋ
ciang55,ciang,ciang
ciang53,ciàng,ciangˋ
ciang24,ciáng,ciangˊ
ciang33,ciāng,ciang+
ciap5,ciap,ciab
ciap2,ciạp,ciabˋ
ciau53,ciàu,ciauˋ
ciau55,ciau,ciau
ciau24,ciáu,ciauˊ
cien53,cièn,cienˋ
can55,can,can
cien55,cien,cien
cien24,cién,cienˊ
cien33,ciēn,cien+
cien11,cien,cienˇ
ciet5,ciet,cied
ciet2,ciẹt,ciedˋ
chi53,chì,chiˋ
cii53,cìì,ciiˋ
chi55,chi,chi
cii55,cii,cii
shi55,shi,shi
sii33,sīi,sii+
chi24,chí,chiˊ
cii24,cíi,ciiˊ
chi33,chī,chi+
chi11,chi,chiˇ
chi33,cī,ci+
cii33,cīi,cii+
cii11,cii,ciiˇ
sii11,sii,siiˇ
chim53,chìm,chimˋ
chim55,chim,chim
chim24,chím,chimˊ
chim33,chīm,chim+
chim11,chim,chimˇ
chin53,chìn,chinˋ
chin55,chin,chin
chin24,chín,chinˊ
ciin33,chīn,chin+
chip2,chịp,chibˋ
chit5,chit,chid
chit2,chịt,chidˋ
cim53,cìm,cimˋ
cim55,cim,cim
cim24,cím,cimˊ
cim11,cim,cimˇ
cin53,cìn,cinˋ
cin55,cin,cin
cin24,cín,cinˊ
cin33,cīn,cin+
cin11,cin,cinˇ
cio53,ciò,cioˋ
cio11,cio,cioˇ
ciok5,ciok,ciog
cion53,ciòn,cionˋ
cion55,cion,cion
cion24,ción,cionˊ
cion33,ciōn,cion+
ciong53,ciòng,ciongˋ
ciong55,ciong,ciong
ciong24,cióng,ciongˊ
ciong33,ciōng,ciong+
ciong11,ciong,ciong
cip2,cịp,cibˋ
chit5,chit,chid
cit5,cit,cid
cit2,cịt,cidˋ
ciu53,ciù,ciuˋ
ciu55,ciu,ciu
chiu33,chiū,chiu+
ciu33,ciū,ciu+
ciuk5,ciuk,ciug
chung55,chung,chung
ciung55,ciung,ciung
ciung33,ciūng,ciung+
cho53,chò,choˋ
co53,cò,coˋ
cho55,cho,cho
co55,co,co
co24,có,coˊ
cho33,chō,cho+
co33,cō,co+
choi53,chòi,choiˋ
chui53,chùi,chuiˋ
coi53,còi,coiˋ
choi55,choi,choi
coi55,coi,coi
coi24,cói,coiˊ
cioi11,cioi,cioiˇ
coi11,coi,coiˇ
chok5,chok,chog
cok5,cok,cog
chok2,chọk,chogˋ
cok2,cọk,cogˋ
chon53,chòn,chonˋ
con53,còn,conˋ
chon55,chon,chon
chon11,chon,chonˇ
con33,cōn,con+
con11,con,conˇ
cong53,còng,congˋ
chong55,chong,chong
cong55,cong,cong
chong24,chóng,chongˊ
cong24,cóng,congˊ
cong33,cōng,cong+
chong33,chōng,chong+
chong11,chong,chongˇ
cong11,cong,congˇ
cong33,cōng,cong+
chot5,chot,chod
cot5,cot,cod
chiu53,chiù,chiuˋ
chu53,chù,chuˋ
co53,cò,coˋ
cu53,cù,cuˋ
chiu55,chiu,chiu
chu55,chu,chu
cu55,cu,cu
chiu24,chiú,chiuˊ
chu24,chú,chuˊ
cu24,cú,cuˊ
chiu33,chiū,chiu+
chiu11,chiu,chiuˇ
chu33,chū,chu+
chu11,chu,chuˇ
cu33,cū,cu+
cu11,cu,cuˇ
cui53,cùi,cuiˋ
chui55,chui,chui
cui24,cúi,cuiˊ
chui33,chūi,chui+
cui33,cūi,cui+
cui11,cui,cuiˇ
chuk5,chuk,chug
cuk5,cuk,cug
chuk2,chụk,chugˋ
cuk2,cụk,cugˋ
chun53,chùn,chunˋ
cun53,cùn,cunˋ
cun55,cun,cun
chun24,chún,chunˊ
cun24,cún,cunˊ
cun11,cun,cunˇ
chung53,chùng,chungˋ
cung53,cùng,cungˋ
cung55,cung,cung
chung55,chung,chung
cung55,cung,cung
chung24,chúng,chungˊ
chung33,chūng,chung+
chung11,chung,chungˇ
cung11,cung,cungˇ
chut5,chut,chud
cut5,cut,cud
cut2,cụt,cudˋ
da24,dá,daˊ
da11,da,daˇ
da55,da,da
dai53,dài,daiˋ
dai24,dái,daiˊ
dai11,dai,daiˇ
dak5,dak,dag
dak2,dạk,dagˋ
tak2,tạk,tagˋ
dam53,dàm,damˋ
dam11,dam,damˋ
dam55,dam,dam
dam24,dám,damˊ
dam11,dam,damˇ
dan53,dàn,danˋ
dan24,dán,danˊ
dan11,dan,danˇ
dang53,dàng,dangˋ
dang11,dang,dangˇ
dang55,dang,dang
dang24,dáng,dangˊ
dang11,dang,dangˇ
dap5,dap,dab
dap2,dạp,dabˋ
dat5,dat,dad
dat2,dạt,dadˋ
dau55,dau,dau
dau11,dau,dauˇ
de55,de,de
de11,de,deˇ
dem53,dèm,demˋ
dem55,dem,dem
dem24,dém,demˊ
dem11,dem,demˇ
den53,dèn,denˋ
den24,dén,denˊ
nen24,nén,nenˊ
den11,den,denˇ
dep5,dep,deb
dep2,dẹp,debˋ
det5,det,ded
det2,dẹt,dedˋ
deu53,dèu,deuˋ
deu24,déu,deuˊ
deu11,deu,deuˇ
di53,dì,diˋ
di55,di,di
di24,dí,diˊ
du11,du,duˇ
dia53,dià,diaˋ
dia11,dia,diaˇ
dia24,diá,diaˊ
dia11,dia,diaˇ
dia55,dia,dia
diak2,diạk,diagˋ
diam53,diàm,diamˋ
diam24,diám,diamˊ
diam11,diam,diamˇ
dap5,dap,dab
diap2,diạp,diabˋ
diau53,diàu,diauˋ
diau55,diau,diau
diau24,diáu,diauˊ
diau11,diau,diauˇ
dien53,dièn,dienˋ
dien24,dién,dienˊ
dien11,dien,dien
diet5,diet,died
din53,dìn,dinˋ
din55,din,din
din24,dín,dinˊ
din11,din,dinˇ
dio55,dio,dio
diok5,diok,diog
diong53,diòng,diongˋ
diong55,diong,doing
diong11,diong,diongˇ
dit5,dit,did
dit2,dịt,didˋ
diu53,diù,diuˋ
diu55,diu,diu
diu33,diū,diu+
do53,dò,doˋ
do55,do,do
do33,dō,do+
do11,do,doˇ
do24,dó,doˊ
do11,do,doˇ
doi53,dòi,doiˋ
doi55,doi,doi
doi24,dói,doiˊ
doi33,dōi,doi+
doi11,doi,doiˇ
tok5,tok,tog
dok5,dok,dog
dok2,dọk,dogˋ
don53,dòn,donˋ
don24,dón,donˊ
dong53,dòng,dongˋ
dong55,dong,dong
dong24,dóng,dongˊ
dong11,dong,dongˇ
dot5,dot,dod
du53,dù,duˋ
du55,du,du
du24,dú,duˊ
du33,dū,du+
du11,du,duˇ
du55,du,du
doi53,dòi,doiˋ
dui53,dùi,duiˋ
dui24,dúi,duiˊ
zui24,zúi,zuiˊ
dui11,dui,duiˇ
duk5,duk,dug
duk2,dụk,dugˋ
dun53,dùn,dunˋ
dun24,dún,dunˊ
dun11,dun,dunˇ
dun11,dun,dunˇ
dang53,dàng,dangˋ
dung53,dùng,dungˋ
dung55,dung,dung
dong55,dong,dong
dung24,dúng,dungˊ
dung55,dung,dung
dung11,dung,dungˇ
dut5,dut,dut
e24,é,eˊ
e11,e,eˇ
e55,e,e
e53,è,eˋ
e24,é,eˊ
er55,er,er
e55,e,e
am53,àm,amˋ
em53,èm,emˋ
em55,em,em
em24,ém,emˊ
em11,em,emˇ
en53,èn,enˋ
en24,én,enˊ
en24,én,enˊ
en11,en,enˇ
ep5,ep,eb
ep5,ep,eb
et5,et,ed
et2,ẹt,edˋ
eu53,èu,euˋ
eu55,eu,eu
eu24,éu,euˊ
eu11,eu,euˇ
fa53,fà,faˋ
fa55,fa,fa
fa33,fā,fa+
fa11,fa,faˇ
fai55,fai,fai
fai24,fái,faiˊ
fai33,fāi,fai+
fak5,fak,fag
fak2,fạk,fagˋ
fam53,fàm,famˋ
fam55,fam,fam
fam24,fám,famˊ
fam33,fām,fam+
fan53,fàn,fanˋ
fan55,fan,fan
kuan55,kuan,kuan
fan24,fán,fanˊ
fan33,fān,fan+
fan11,fan,fanˇ
pon33,pōn,pon+
fang55,fang,fang
fang24,fáng,fangˊ
fang11,fang,fangˇ
fap5,fap,fab
fat5,fat,fad
fat2,fạt,fadˋ
fe53,fè,feˋ
fe24,fé,feˊ
fen53,fèn,fenˋ
fen55,fen,fen
fet2,fẹt,fedˋ
feu55,feu,feu
po55,po,po
feu24,féu,feuˊ
fi53,fì,fiˋ
fui53,fùi,fuiˋ
fui55,fui,fui
fui24,fúi,fuiˊ
fui33,fūi,fui+
fui33,fūi,fui+
fui11,fui,fuiˇ
fin55,fin,fin
hiun55,hiun,hiun
fin11,fin,finˇ
fit5,fit,fid
fit2,fịt,fidˋ
fiu55,fiu,fiu
fiu24,fiú,fiuˊ
fiu11,fiu,fiuˇ
fo55,fo,fo
fo24,fó,foˊ
fo11,fo,foˇ
ho33,hō,ho+
foi53,fòi,foiˋ
fok5,fok,fog
fok2,fọk,fogˋ
fon53,fòn,fonˋ
fon24,fón,fonˊ
fon24,fón,fonˊ
fon11,fon,fonˇ
fong53,fòng,fongˋ
fong55,fong,fong
fong24,fóng,fongˊ
fong11,fong,fongˇ
fu53,fù,fuˋ
fu55,fu,fu
fu24,fú,fuˊ
fu33,fū,fu+
fu11,fu,fuˇ
fuk5,fuk,fug
fuk2,fụk,fugˋ
fun53,fùn,funˋ
fun55,fun,fun
fun24,fún,funˊ
fun33,fūn,fun+
fung53,fùng,fungˋ
fung55,fung,fung
fung24,fúng,fungˊ
fung33,fūng,fung+
fut5,fut,fud
fut2,fụt,fudˋ
ga53,gà,gaˋ
ga24,gá,gaˊ
ga55,ga,ga
ga33,gā,ga+
ga24,gá,gaˊ
ga11,ga,gaˇ
gai55,gai,gai
gak5,gak,gag
gam53,gàm,gamˋ
gam24,gám,gamˊ
gam33,gām,gam+
gam53,gàm,gamˋ
gan53,gàn,ganˋ
gang53,gàng,gangˋ
gang24,gáng,gangˊ
gang11,gang,gangˇ
gap5,gap,gab
kap5,kap,kab
gap2,gạp,gabˋ
gat5,gat,gad
gat2,gạt,gadˋ
gau53,gàu,gauˋ
go53,gò,goˋ
gau55,gau,gau
gau24,gáu,gauˊ
gau11,gau,gauˇ
gau55,gau,gau
gai11,gai,gaiˇ
gai55,gai,gai
ggo11,ggo,ggoˇ
gi53,gì,giˋ
gi24,gí,giˊ
gi11,gi,giˇ
gia53,gìa,giaˋ
gia53,gìa,giaˋ
gia11,gia,giaˇ
gai53,gài,gaiˋ
gai24,gái,gaiˊ
gai11,gai,gaiˇ
giak5,giak,giag
giam53,giàm,giamˋ
giam55,giam,giam
giam24,giám,giamˊ
giam11,giam,giamˇ
gien53,gièn,gienˋ
gien55,gien,gien
gien24,gién,gienˊ
gien33,giēn,gien+
gien11,gien,gienˇ
giang53,giàng,giangˋ
giang55,giang,giang
giang24,giáng,giangˊ
giang11,giang,giangˇ
gap5,gap,gab
giap5,giap,giab
giap2,giạp,giabˋ
giet5,giet,gied
giau53,giàu,giauˋ
giau24,giáu,giauˊ
giau11,giau,giauˇ
gai53,gài,gaiˋ
gie53,giè,gieˋ
gie55,gie,gie
goi55,goi,goi
gai24,gái,gaiˊ
gie24,gié,gieˊ
ga11,ga,gaˇ
gai11,gai,gaiˇ
gie55,gie,gie
gie11,gie,gieˇ
giem55,giem,giem
giem11,giem,giemˇ
gan53,gàn,ganˋ
gien53,gièn,gienˋ
gien55,gien,gien
gan24,gán,ganˊ
gien24,gién,gienˊ
gien33,giēn,gien+
gien11,gien,gienˇ
giep2,giẹp,giebˋ
giet5,giet,gied
giau53,giàu,giauˋ
giau24,giáu,giauˊ
gieu11,gieu,gieuˇ
gieu53,gièu,gieuˋ
giau24,giáu,giauˊ
gieu24,giéu,gieuˊ
giau11,giau,giauˇ
gieu11,gieu,gieuˇ
gim53,gìm,gimˋ
gim24,gím,gimˊ
gim11,gim,gimˇ
gin53,gìn,ginˋ
gin24,gín,ginˊ
gin11,gin,ginˇ
gio53,giò,gioˋ
giok5,giok,giog
giong53,giòng,giongˋ
giong24,gióng,giongˊ
gip5,gip,gib
git5,git,gid
git2,gịt,gidˋ
giu53,giù,giuˋ
giu55,giu,giu
giu55,giu,giu
giu24,giú,giuˊ
giu11,giu,giuˇ
giuk5,giuk,giug
giuk2,giụk,giugˋ
giun53,giùn,giunˋ
giun11,giun,giunˇ
giung53,giùng,giungˋ
giung24,giúng,giungˊ
giung11,giung,giungˇ
go53,gò,goˋ
go55,go,go
go24,gó,goˊ
go11,go,goˇ
go11,go,goˇ
goi53,gòi,goiˋ
goi55,goi,goi
goi11,goi,goiˇ
gok5,gok,gog
gok5,gok,gog
gok2,gọk,gogˋ
gon53,gòn,gonˋ
gon24,gón,gonˊ
gon11,gon,gonˇ
gong53,gòng,gongˋ
gong55,gong,gong
gong24,góng,gongˊ
gong11,gong,gongˇ
got5,got,god
gu53,gù,guˋ
ku53,kù,kuˋ
ku55,ku,ku
gu55,gu,gu
gu11,gu,guˇ
gu55,gu,gu
gu24,gú,guˊ
gu55,gu,gu
gu11,gu,guˇ
gua53,guà,guaˋ
gua55,gua,gua
gua33,guā,gua+
gua24,guá,guaˊ
gua55,gua,gua
gua11,gua,guaˇ
guai53,guài,guaiˋ
guai24,guái,guaiˊ
guai11,guai,guaiˇ
guak2,guạk,guagˋ
gon53,gòn,gonˋ
guan53,guàn,guanˋ
guan11,guan,guanˇ
guang53,guàng,guangˋ
guang55,guang,guang
guang24,guáng,guangˊ
guat5,guat,guad
guat2,guạt,guadˋ
guen53,guèn,guenˋ
guen24,guén,guenˊ
guen11,guen,guenˇ
guet5,guet,gued
guet2,guẹt,guedˋ
gui53,gùi,guiˋ
gui24,gúi,guiˊ
gui11,gui,guiˇ
guk5,guk,gug
gun53,gùn,gunˋ
gun11,gun,gunˇ
gung53,gùng,gungˋ
gung24,gúng,gungˊ
gung53,gùng,gungˋ
gung11,gung,gungˇ
gut5,gut,gud
gut2,gụt,gudˋ
ha24,há,haˊ
ha53,hà,haˋ
ha55,ha,ha
ha24,há,haˊ
ha11,ha,haˇ
hai24,hái,haiˊ
hai53,hài,haiˋ
hai55,hai,hai
hai24,hái,haiˊ
hai53,hài,haiˋ
hai33,hāi,hai+
hai11,hai,haiˇ
hain55,hain,
hak5,hak,hag
hak2,hạk,hagˋ
ham53,hàm,hamˋ
ham55,ham,ham
ham24,hám,hamˊ
ham33,hām,ham+
ham11,ham,hamˇ
han24,hán,hanˊ
han55,han,han
han24,hán,hanˊ
han33,hān,han+
hang53,hàng,hangˋ
hang55,hang,hang
hang11,hang,hangˇ
hap5,hap,hab
hap2,hạp,habˋ
hat5,hat,had
hat5,hat,had
hau53,hàu,hauˋ
hau55,hau,hau
hau55,hau,hau
hau24,háu,hauˊ
hau11,hau,hauˇ
he53,hè,heˋ
he53,hè,heˋ
he11,he,heˇ
hem53,hèm,hemˋ
hem55,hem,hem
hem11,hem,hemˇ
hen53,hèn,henˋ
hen24,hén,henˊ
hen55,hen,hen
hen24,hén,henˊ
hen33,hēn,hen+
het5,het,hed
het2,hẹt,hedˋ
heu33,hēu,heu+
heu55,heu,heu
heu24,héu,heuˊ
heu33,hēu,heu+
hi53,hì,hiˋ
hi33,hī,hi+
hí24,hí,hiˊ
hi11,hi,hiˇ
hia53,hià,hiaˋ
hiak5,hiak,hiak
hiam53,hiàm,hiamˋ
hiam55,hiam,hiam
hiam24,hiám,hiamˊ
hiam11,hiam,hiamˇ
hien53,hièn,hienˋ
hien55,hien,hien
hien24,hién,hienˊ
hien33,hiēn,hien+
hien11,hien,hienˇ
hiap5,hiap,hiab
hiap2,hiạp,hiabˋ
hiat5,hiat,hiad
hiat2,hiạt,hiadˋ
hiau24,hiáu,hiauˊ
hien53,hièn,hienˋ
hien55,hien,hien
hien24,hién,hienˊ
hien33,hiēn,hien+
hien11,hien,hienˇ
hiat5,hiat,hiad
hiat2,hiạt,hiadˋ
hiau53,hiàu,hiauˋ
hiau55,hiau,hiau
hiau11,hiau,hiauˇ
kiau11,kiau,kiauˇ
him53,hìm,himˋ
him55,him,him
him24,hím,himˊ
hin53,hìn,hinˋ
hin55,hin,hin
hin24,hín,hinˊ
hin33,hīn,hin+
hin11,hin,hinˇ
hio53,hiò,hioˋ
hio55,hio,hio
hio11,hio,hioˇ
hiok5,hiok,hiok
hiong53,hiòng,hiongˋ
hiong24,hióng,hiongˊ
hiong11,hiong,hiongˇ
hip5,hip,hip
hit5,hit,hit
hit2,hịt,hitˋ
hiu53,hiù,hiuˋ
hiu24,hiú,hiuˊ
hiu53,hiù,hiuˋ
hiu11,hiu,hiuˇ
hiu55,hiu,hiu
hiuk5,hiuk,hiuk
hiun53,hiùn,hiunˋ
hiun55,hiun,hiun
hiun24,hiún,hiunˊ
hiun11,hiun,hiunˇ
hiung53,hiùng,hiungˋ
hiung55,hiung,hiung
hiung24,hiúng,hiungˊ
hn24,h́n,
hn53,h̀n,
hin55,hin,
ho53,hò,hoˋ
ho24,hó,hoˊ
ho55,ho,ho
ho33,hō,ho+
ho24,hó,hoˊ
ho53,hò,hoˋ
ho33,hō,ho+
ho11,ho,hoˇ
hoi55,hoi,hoi
hoi24,hói,hoiˊ
hoi55,hoi,hoi
hoi33,hōi,hoi+
hok5,hok,hok
hok2,họk,hogˋ
hon53,hòn,honˋ
hon55,hon,hon
hon24,hón,honˊ
hon33,hōn,hon+
hon11,hon,honˇ
hong53,hòng,hongˋ
hong55,hong,hong
hong24,hóng,hongˊ
hong33,hōng,hong+
hong11,hong,hongˇ
hot5,hot,hot
i24,í,iˊ
i53,ì,iˋ
i55,i,i
ia11,ia,iaˇ
lia24,liá,liaˊ
iau53,iàu,iauˋ
iaun55,iaun,
io24,ió,ioˊ
io53,iò,ioˋ
io55,io,io
ka53,kà,kaˋ
ka55,ka,ka
giok5,giok,giog
ka33,kā,ka+
ka24,ká,kaˊ
ha11,ha,haˇ
ka55,ka,ka
kai53,kài,kaiˋ
kai55,kai,kai
kak5,kak,kag
kak5,kak,kag
kak2,kạk,kagˋ
kam53,kàm,kamˋ
kam55,kam,kam
kam24,kám,kamˊ
kam11,kam,kamˇ
kan53,kàn,kanˋ
kan24,kán,kanˊ
kuan11,kuān,kuan33
kang11,kang,kangˇ
kap5,kap,kab
kap2,kạp,kabˋ
kat5,kat,kad
kau53,kàu,kauˋ
kau55,kau,kau
kau24,káu,kauˊ
kiau24,kiáu,kiauˊ
kau11,kau,kauˇ
ki53,kì,kiˋ
ki55,ki,ki
ki33,kī,ki+
ki24,kí,kiˊ
ki33,kī,ki+
ki55,ki,ki
ki11,ki,kiˇ
kia53,kià,kiaˋ
ga53,gà,gaˋ
kia55,kia,kia
kia11,kia,kiaˇ
kia53,kià,kiaˋ
kiak5,kiak,kiag
kiak2,kiạk,kiagˋ
kiam53,kiàm,kiamˋ
kiam55,kiam,kiam
kiam24,kiám,kiamˊ
kiam33,kiām,kiam+
kiam11,kiam,kiamˇ
kien53,kièn,kienˋ
kien55,kien,kien
kien24,kién,kienˊ
kien33,kiēn,kien+
kien11,kien,kienˇ
kiang53,kiàng,kiàngˋ
kiang33,kiāng,kiang+
kiang11,kiang,kiangˇ
kiap5,kiap,kiab
kiap2,kiạp,kiabˋ
